Condition,n,mean_delta,sem,t_vs_zero,p_vs_zero,impact_type,age_group
Interactive,73,-0.05631659056316591,0.02345667428831422,-2.4008770327352864,0.01894085842302622,Emotional,Below 38
Static,107,-0.030114226375908614,0.018985350262161194,-1.5861822910861882,0.11567672845963947,Emotional,Below 38
Interactive,19,0.05263157894736842,0.028649002839569327,1.8371173070873836,0.08276084085658228,Emotional,38 and Above
Static,23,-0.019323671497584533,0.062344198590479974,-0.3099513977959014,0.7595148924923338,Emotional,38 and Above
Interactive,73,-0.13561643835616438,0.06933500895338938,-1.9559590516146443,0.05435015216912092,Analytical,Below 38
Static,107,-0.05700934579439253,0.054688682241571134,-1.0424340733347814,0.2995821517542435,Analytical,Below 38
Interactive,19,0.015789473684210523,0.08066360654436945,0.19574470273066003,0.8470027735905906,Analytical,38 and Above
Static,23,-0.05217391304347827,0.09531921928921154,-0.547359844452518,0.5896417768801873,Analytical,38 and Above
