Condition,n,mean_delta,sem,t_vs_zero,p_vs_zero
Interactive,92,-0.033816425120772944,0.020008310109211155,-1.6901190023641728,0.09442821954107114
Static,130,-0.028205128205128202,0.019004871835215546,-1.4840998902641807,0.1402217472364285
