Condition,n,mean_delta,sem,t_vs_zero,p_vs_zero
Interactive,92,-0.06763285024154589,0.04001662021842231,-1.6901190023641728,0.09442821954107114
Static,130,-0.056410256410256404,0.03800974367043109,-1.4840998902641807,0.1402217472364285
