Condition,n,mean_delta,sem,t_vs_zero,p_vs_zero
Interactive,92,-0.1043478260869565,0.057664222444383066,-1.8095765738903287,0.07366294171790118
Static,130,-0.05615384615384616,0.04792664647191522,-1.171662327485234,0.24349213116367227
